Category,Item,Part Number,Price,Requires,"130, LR","130, MR","148, LR","148, MR","148, HR","148 EXT, MR","148 EXT, HR"
Partition,"Steel, Screened, White",96302-3-01,,,x,,x,,,,
Partition,"Steel, Screened, White",96312-3-01,,,,x,,x,,x,
Partition,"Steel, Screened, White",96322-3-01,,,,,,,x,,x
Partition,Window,96301-3-01,,,x,,x,,,,
Partition,Window,96311-3-01,,,,x,,x,,x,
Partition,Window,96321-3-01,,,,,,,x,,x
Partition,Add on Door Kit,96901-3-01,,,x,x,x,x,x,x,x
Partition Options,Composite,,0,,,,,,,,
Partition Options,Steel,,0,,,,,,,,
Partition Options,Deep Steel,,0,,,,,,,,
Shelving,"32""",,0,,,,,,,,
Shelving,"42""",,0,,,,,,,,
Shelving,"52""",,0,,,,,,,,
Shelving,"60""",,0,,,,,,,,
Ladder Rack,Aluminum,,0,,,,,,,,
Ladder Rack,Cross Bar Rack,,0,,,,,,,,
Ladder Rack,"3"" Cross Bar",,0,,,,,,,,
Ladder Rack,Clamp Rack,,0,,,,,,,,
Ladder Rack,Drop Down Rack Single,,0,,,,,,,,
Ladder Rack,Double,,0,,,,,,,,
Ladder Rack,Ladder Safe,,0,,,,,,,,
Ladder Rack,Conduit Carrier 239,,0,,,,,,,,
Ladder Rack,Weather Tight,,0,,,,,,,,
Accessories,Ratchet Straps,,0,,,,,,,,
Accessories,Tank Racks,,0,,,,,,,,
Accessories,350 lb,,0,,,,,,,,
Accessories,Two 30lb and One 50lb,,0,,,,,,,,
Accessories,430 lb,,0,,,,,,,,
Accessories,450 lb,,0,,,,,,,,
Accessories,Cable Spool Holder,,0,,,,,,,,
Floor Mats,Rubber,,0,,,,,,,,
Floor Mats,Ribbed,,0,,,,,,,,
Floor Mats,Custom Cut Wood,,0,,,,,,,,
Floor Mats,Window Screens,,0,,,,,,,,
Floor Mats,Gladiator Hooks,,0,,,,,,,,
Floor Mats,Cab Command Console,,0,,,,,,,,
Drawer Units,2 Drawer,,0,,,,,,,,
Drawer Units,4 Drawer,,0,,,,,,,,
Totes,Small,,0,,,,,,,,
Totes,Medium,,0,,,,,,,,
